week,date,time_start,time_end,duration,listed_title,top_category,listed_location,listed_project_officer,detail_category,notes
1,2018-11-07,08:00,11:00,3,Executive time,executive_time,Oval office,,executive_time,
1,2018-11-07,11:00,11:30,0.5,Meeting with the chief of staff,meeting,Oval office,,cos_meeting,
1,2018-11-07,11:30,12:30,1,Executive time,executive_time,Oval office,,executive_time,
1,2018-11-07,12:30,13:30,1,Lunch,lunch,Private dining room,,solo_lunch,
1,2018-11-07,13:30,17:00,3.5,Executive time,executive_time,Oval office,,executive_time,
1,2018-11-08,08:00,09:30,1.5,Executive time,executive_time,Oval office,,executive_time,
1,2018-11-08,09:30,09:40,0.1666666667,Depart the White House en route to Supreme Court of the United States,travel,,,domestic_travel,
1,2018-11-08,09:45,09:55,0.1666666667,Meet and greet with the supreme court justices,event,"Washington, DC",Emmet Flood,meet_greet,
1,2018-11-08,10:00,10:15,0.25,Investiture of the honorable Brett Kavanaugh,event,"Washington, DC",Emmet Flood,kavanaugh_investiture,
1,2018-11-08,10:20,10:30,0.1666666667,Depart Supreme Court of the United States en route The White House,travel,,,domestic_travel,
1,2018-11-08,11:00,11:30,0.5,Meeting with the secretary of state,meeting,Oval office,Ambassador John Bolton,sec_state_meeting,
1,2018-11-08,11:30,12:30,1,Executive time,executive_time,Oval office,,executive_time,
1,2018-11-08,12:30,13:30,1,Lunch,lunch,Private dining room,,solo_lunch,
1,2018-11-08,13:30,14:00,0.5,Executive time,executive_time,Oval office,,executive_time,
1,2018-11-08,14:00,15:00,1,Policy time,meeting,Oval office,Christopher Liddell,policy_time,
1,2018-11-08,15:00,15:15,0.25,Executive time,executive_time,Oval office,,executive_time,
1,2018-11-08,15:15,15:30,0.25,Meeting with presidential personnel,meeting,Oval office,Ambassador John Bolton,personnel_meeting,
1,2018-11-08,15:30,16:45,1.25,Executive time,executive_time,Oval office,,executive_time,
1,2018-11-08,16:45,17:00,0.25,Video recording session,meeting,Oval office,Mercedes Schlapp,video_recording_session,
1,2018-11-09,09:00,09:10,0.1666666667,Depart the White House en route Joint Base Andrews,travel,,,international_travel,
1,2018-11-09,09:10,09:20,0.1666666667,Arrive Joint Base Andrews,travel,,,international_travel,
1,2018-11-09,09:20,15:50,6.5,"Depart Washington, DC en route Orly, France",travel,,,international_travel,
1,2018-11-09,15:50,16:00,0.1666666667,Arrive Paris Orly Airport,travel,,,international_travel,
1,2018-11-09,16:00,16:25,0.4166666667,"Depart Orly, France en route Paris, France",travel,,,international_travel,
1,2018-11-09,16:25,17:00,0.5833333333,Arrive Ambassador's Residence ,travel,,,international_travel,
2,2018-11-12,08:00,17:00,,,no_data,,,,
2,2018-11-13,08:00,11:00,3,Executive time,executive_time,Oval office,,executive_time,
2,2018-11-13,11:00,11:30,0.5,Meeting with the chief of staff,meeting,oval office,,cos_meeting,
2,2018-11-13,11:30,12:00,0.5,Intelligence briefing,meeting,Oval office,Ambassador John Bolton,intel_briefing,
2,2018-11-13,12:00,12:15,0.25,Meeting with the press secretary,meeting,Oval office,Sarah Sanders,press_sec_meeting,
2,2018-11-13,12:15,12:30,0.25,Executive time,executive_time,Oval office,,executive_time,
2,2018-11-13,12:30,13:30,1,Lunch,lunch,Private dining room,,solo_lunch,
2,2018-11-13,13:30,13:45,0.25,Executive time,executive_time,Oval office,,executive_time,
2,2018-11-13,13:45,14:00,0.25,Diwali ceremonial lighting of the Diya,event,Roosevelt Room,Justin Clark,holiday_ceremony,The First Lady will travel
2,2018-11-13,14:00,14:15,0.25,Executive time,executive_time,Oval office,,executive_time,
2,2018-11-13,14:15,15:00,0.75,Policy time,meeting,Oval office,Shahira Knight,policy_time,
2,2018-11-13,15:00,15:15,0.25,Executive time,executive_time,Oval office,,executive_time,
2,2018-11-13,15:15,16:00,0.75,Policy time,meeting,Oval office,Christopher Liddell,policy_time,
2,2018-11-13,16:00,17:00,1,Executive time,executive_time,Oval office,,executive_time,
2,2018-11-14,08:00,11:00,3,Executive time,executive_time,Oval office,,executive_time,
2,2018-11-14,11:00,11:30,0.5,Meeting with the chief of staff,meeting,Oval office,,cos_meeting,
2,2018-11-14,11:30,12:00,0.5,Intelligence briefing,meeting,Oval office,Ambassador John Bolton,intel_briefing,
2,2018-11-14,12:00,12:15,0.25,Executive time,executive_time,Oval office,,executive_time,
2,2018-11-14,12:15,12:20,0.08333333333,Medal of Honor notification phone call,event,Oval office,White House military office,phone_call,
2,2018-11-14,12:20,12:30,0.1666666667,Executive time,executive_time,Oval office,,executive_time,
2,2018-11-14,12:30,13:30,1,Lunch with the secretary of state,lunch,Private dining room,William McGinley,sec_state_lunch,
2,2018-11-14,13:30,14:00,0.5,Executive time,executive_time,Oval office,,executive_time,
2,2018-11-14,14:00,14:30,0.5,Policy time,meeting,Oval office,Larry Kudlow,policy_time,
2,2018-11-14,14:30,15:30,1,Executive time,executive_time,Oval office,,executive_time,
2,2018-11-14,15:30,15:45,0.25,Meeting with stakeholders on the first step act,meeting,Roosevelt Room,Jared Kushner,stakeholders_meeting,
2,2018-11-14,15:45,17:30,1.75,Executive time,executive_time,Oval office,,executive_time,
2,2018-11-14,17:30,17:45,0.25,Photo opportunitiy with the fall 2018 White House internship program class,event,East Room,Office of Presidential Scheduling,photo_opportunity,
2,2018-11-15,08:00,11:40,3.666666667,Executive time,executive_time,Oval office,,executive_time,
2,2018-11-15,11:40,11:55,0.25,"Depart the White House en route Marine Barracks Washington, DC",travel,,,domestic_travel,
2,2018-11-15,11:55,12:00,0.08333333333,"Arrive Marine Barracks Washington, DC",travel,,,domestic_travel,
2,2018-11-15,12:00,13:00,1,"Visit to Marine Barracks Washington, DC",travel,"Washington, DC",Lindsay Reynolds,marine_barracks_visit,
2,2018-11-15,13:05,13:20,0.25,"Depart Marine Barracks Washington, DC en route the White House",travel,,,domestic_travel,
2,2018-11-15,13:20,13:25,0.08333333333,Arrive at the White House,travel,,,domestic_travel,
2,2018-11-15,13:25,13:30,0.08333333333,Executive time,executive_time,Oval Office,,executive_time,
2,2018-11-15,13:30,13:45,0.25,Remarks on supporting veterans and military families,event,EEOB - South Court Auditorium,Douglas Hoelscher,veterans_remarks,
2,2018-11-15,13:45,14:45,1,Executive time,executive_time,Oval Office,,executive_time,
2,2018-11-15,14:45,15:45,1,Meeting with Senate Republican Leadership,meeting,Oval Office,Shahira Knight,senate_gop_meeting,
2,2018-11-15,15:45,16:00,0.25,Executive time,executive_time,Oval Office,,executive_time,
2,2018-11-15,16:00,16:30,0.5,Meeting with presidential personnel,meeting,Oval Office,John DeStefano,personnel_meeting,
2,2018-11-15,16:30,17:00,0.5,Executive time,executive_time,Oval Office,,executive_time,
2,2018-11-16,08:00,17:00,,,no_data,,,,
3,2018-11-19,08:00,11:00,3,Executive time,executive_time,Oval Office,,executive_time,
3,2018-11-19,11:00,11:30,0.5,Meeting with the chief of staff,meeting,Oval Office,,cos_meeting,The first lady will travel
3,2018-11-19,11:30,13:00,1.5,Executive time,executive_time,Oval Office,,executive_time,
3,2018-11-19,13:00,13:15,0.25,White House Christmas tree delivery,event,North Portico,Lindsay Reynolds,christmas_tree_delivery,
3,2018-11-19,13:30,14:30,1,Lunch with vice president,lunch,Private dining room,Nick Ayers,VP_lunch,
3,2018-11-19,14:30,14:45,0.25,Executive time,executive_time,Oval Office,,executive_time,
3,2018-11-19,14:45,15:30,0.75,Policy time,meeting,Oval Office,Director Mick Mulvaney,policy_time,
3,2018-11-19,15:45,16:30,0.75,Policy time,meeting,Oval Office,Larry Kudlow,policy_time,
3,2018-11-19,16:30,17:00,0.5,Executive time,executive_time,Oval Office,,executive_time,
3,2018-11-20,08:00,17:00,,,no_data,,,,
3,2018-11-21,08:00,17:00,,,no_data,,,,
3,2018-11-22,08:00,17:00,,,no_data,,,,
3,2018-11-23,08:00,17:00,9,Executive time,executive_time,Mar-a-Lago,,executive_time,
4,2018-11-26,08:00,11:00,3,Executive time,executive_time,Oval Office,,executive_time,
4,2018-11-26,11:00,11:30,0.5,Meeting with the chief of staff,meeting,Oval Office,,cos_meeting,
4,2018-11-26,11:30,12:00,0.5,Intelligence briefing,meeting,Oval Office,Ambassador John Bolton,intel_briefing,
4,2018-11-26,12:00,12:15,0.25,Meeting with the press secretary,meeting,Oval Office,Sarah Sanders,press_sec_meeting,
4,2018-11-26,12:15,12:30,0.25,Executive time,executive_time,Oval Office,,executive_time,
4,2018-11-26,12:30,13:30,1,Lunch with the vice president,lunch,Private dining room,Nick Ayers,VP_lunch,
4,2018-11-26,13:30,14:35,1.083333333,Executive time,executive_time,Oval Office,,executive_time,
4,2018-11-26,14:35,14:45,0.1666666667,Depart the White House en route Joint Base Andrews,travel,,,domestic_travel,The First Lady will participate
4,2018-11-26,14:45,14:55,0.1666666667,Arrive Joint Base Andrews,travel,,,domestic_travel,
4,2018-11-26,14:55,17:05,2.166666667,"Depart Washington, DC en route Tupelo, MS",travel,,,domestic_travel,
4,2018-11-26,17:05,17:15,0.1666666667,Arrive Tupelo Regional Airport,travel,,,domestic_travel,
4,2018-11-26,17:15,18:15,1,Remarks at Make America Great Again rally,event,"Tupelo, MS",Bill Stepien,MAGA_rally,
4,2018-11-26,18:20,18:25,0.08333333333,Hold for media interview,event,"Tupelo, MS",Sarah Sanders,media_interview,
4,2018-11-26,18:25,18:30,0.08333333333,Photo opportunity with law enforcement,event,"Tupelo, MS",Bobby Peede,photo_opportunity,
4,2018-11-26,18:40,19:40,1,"Depart Tupelo, MS en route Gulfport, MS",travel,,,domestic_travel,
4,2018-11-26,19:40,19:50,0.1666666667,Arrive Gulfport - Biloxi International Airport,travel,,,,
4,2018-11-26,19:50,20:25,0.5833333333,First Step Act roundtable with governor phil bryant and law enforcement leaders,event,"Gulfport, MS",Jared Kushner,crim_justice_roundtable,
4,2018-11-26,20:25,20:40,0.25,"Depart Gulfport, MS en route Biloxi, MS",travel,,,domestic_travel,
4,2018-11-26,20:40,20:45,0.08333333333,Arrive Mississippi Coast Coliseum,travel,,,,
4,2018-11-26,20:45,20:50,0.08333333333,Hold for media interview,event,"Biloxi, MS",Sarah Sanders,media_interview,
4,2018-11-26,20:50,20:55,0.08333333333,Photo opportunity with law enforcement,event,"Biloxi, MS",Bobby Peede,photo_opportunity,
4,2018-11-26,21:00,22:00,1,Remarks at Make America Great Again rally,event,"Biloxi, MS",Bill Stepien,MAGA_rally,
4,2018-11-26,22:05,22:20,0.25,"Depart Biloxi, MS en route Gulforpot, MS",travel,,,domestic_travel,Air Force One is a C-32
4,2018-11-26,22:20,22:30,0.1666666667,Arrive Gulfport - Biloxi International Airport,travel,,,,
4,2018-11-26,22:30,00:40,2.166666667,"Depart Gulfport, MS en route Washington, DC",travel,,,domestic_travel,
4,2018-11-27,08:00,11:00,3,Executive time,executive_time,Oval Office,,executive_time,
4,2018-11-27,11:00,11:30,0.5,Media engagement,event,Oval Office,Sarah Sanders,media_engagement,
4,2018-11-27,11:30,12:45,1.25,Executive time,executive_time,Oval Office,,executive_time,
4,2018-11-27,12:45,13:45,1,Lunch with secretray of state and secretary of defense,meeting,Private dining room,William McGinley,sec_state_def_lunch,
4,2018-11-27,13:45,14:30,0.75,Executive time,executive_time,Oval Office,,executive_time,
4,2018-11-27,14:30,15:15,0.75,Meeting with House Republican Leadership,meeting,Oval Office,Shahira Knight,house_gop_meeting,
4,2018-11-27,15:15,15:45,0.5,Executive time,executive_time,Oval Office,,executive_time,
4,2018-11-27,15:45,16:00,0.25,Remarks at Christmas reception,event,Grand Foyer,Lindsay Reynolds,christmas_reception_remarks,
4,2018-11-27,16:00,17:00,1,Executive time,executive_time,Oval Office,,executive_time,
4,2018-11-27,17:00,17:30,0.5,Media engagement,event,Oval Office,Sarah Sanders,media_engagement,
4,2018-11-27,17:30,19:30,2,Executive time,executive_time,Oval Office,,executive_time,
4,2018-11-27,19:30,20:45,1.25,Photos at United States secret service christmas reception,event,Diplomatic reception room,Lindsay Reynolds,Photo_opportunity,
4,2018-11-28,08:00,10:00,2,Executive time,executive_time,Oval Office,,executive_time,
4,2018-11-28,10:00,10:30,0.5,Meeting with chief of staff,meeting,Oval Office,,cos_meeting,
4,2018-11-28,10:30,10:45,0.25,Executive time,executive_time,Oval Office,,executive_time,
4,2018-11-28,10:45,11:15,0.5,Media engagement,event,Oval Office,Sarah Sanders,media_engagement,
4,2018-11-28,11:15,12:15,1,Executive time,executive_time,Oval Office,,executive_time,
4,2018-11-28,12:15,12:30,0.25,White House military office departure photos,event,Oval Office,White House military office,photo_opportunity,
4,2018-11-28,12:30,12:45,0.25,Executive time,executive_time,Oval Office,,executive_time,
4,2018-11-28,12:45,13:45,1,Lunch with the governor of new york state,lunch,Private dining room,Madeleine Westerhout,ny_gov_lunch,
4,2018-11-28,13:45,14:00,0.25,Executive time,executive_time,oval Office,,executive_time,First Lady will participate
4,2018-11-28,14:00,14:30,0.5,Meeting with presidential personnel,meeting,Oval Office,John DeStefano,personnel_meeting,
4,2018-11-28,14:30,14:45,0.25,Policy time,meeting,Oval Office,Kellyanne Conway,policy_time,
4,2018-11-28,14:45,15:15,0.5,Policy time,meeting,Oval Office,Christopher Liddell,policy_time,
4,2018-11-28,15:15,16:35,1.333333333,Executive time,executive_time,Oval Office,,executive_time,First Lady will participate
4,2018-11-28,16:35,16:40,0.08333333333,Depart White House en route The Ellipse,travel,,,domestic_travel,
4,2018-11-28,16:45,16:55,0.1666666667,Photo opportunity with national christmas tree lighting ceremony participants,event,The Ellipse,Lindsay Reynolds,photo_opportunity,
4,2018-11-28,17:00,18:00,1,National Christmas tree lighting ceremony,event,The Ellipse,Lindsay Reynolds,christmas_celebration,
4,2018-11-28,18:05,18:10,0.08333333333,Depart The Ellipse en route the White House,travel,,,domestic_travel,
4,2018-11-29,08:00,10:00,2,Executive time,executive_time,The White House,,executive_time,
4,2018-11-29,10:00,10:10,0.1666666667,Depart the White House en route Joint Base Andrews,travel,,,domestic_travel,
4,2018-11-29,10:20,19:55,9.583333333,"Depart Washington, DC en route Buenos Aires, Argentina",travel,,,international_travel,
4,2018-11-30,04:50,04:55,0.08333333333,Depart RON Location en route Casa Rosada,travel,,,international_travel,
4,2018-11-30,05:05,05:10,0.08333333333,Photo opportunity with the president of the Argentine Republic,event,"Buenos Aires, Argentina",Ambassador John Bolton,photo_opportunity,
4,2018-11-30,05:15,06:00,0.75,Expanded bilateral meeting with the President of the Argentine Republic,meeting,"Buenos Aires, Argentina",Ambassador John Bolton,bilateral_meeting,
4,2018-11-30,06:05,06:10,0.08333333333,Depart Casa Rosada en route Park Hyatt Palace,travel,,,international_travel,
4,2018-11-30,06:15,06:25,0.1666666667,Executive time,executive_time,"Buenos Aires, Argentina",,executive_time,
4,2018-11-30,06:25,06:55,0.5,Speech prep,meeting,"Buenos Aires, Argentina",Ambassador John Bolton,speech_prep,
4,2018-11-30,07:00,07:30,0.5,USMCA signing ceremony,event,"Buenos Aires, Argentina",Ambassador John Bolton,usmca_signing_ceremony,
4,2018-11-30,07:35,09:45,2.166666667,Executive time,executive_time,"Buenos Aires, Argentina",,executive_time,
4,2018-11-30,09:45,10:00,0.25,Depart Park Hyatt Palace en route Centro Costa Salguero,travel,,,international_travel,
4,2018-11-30,10:05,10:25,0.3333333333,Official welcome and family photo,event,"Buenos Aires, Argentina",Ambassador John Bolton,photo_opportunity,
4,2018-11-30,10:30,10:45,0.25,Opening remarks by the president of the Argentine Republic,event,"Buenos Aires, Argentina",Ambassador John Bolton,opening_remarks,
4,2018-11-30,10:45,11:40,0.9166666667,"G20 session I/working luncheon: ""Putting people first""",event,"Buenos Aires, Argentina",Ambassador John Bolton,g20_session,
4,2018-11-30,11:45,12:15,0.5,Bilateral meeting with the prime minister of Japan,event,"Buenos Aires, Argentina",Ambassador John Bolton,bilateral_meeting,
4,2018-11-30,12:20,12:30,0.1666666667,Executive time,executive_time,"Buenos Aires, Argentina",,executive_time,
4,2018-11-30,12:30,12:45,0.25,Trilateral meeting with the prime minister of Japan and the prime minister of the Republic of India,event,"Buenos Aires, Argentina",Ambassador John Bolton,trilateral_meeting,
4,2018-11-30,12:55,13:10,0.25,Bilateral pull-aside with the prime minister of the commonwealth of Australia,event,"Buenos Aires, Argentina",Ambassador John Bolton,bilateral_meeting,
4,2018-11-30,13:15,13:30,0.25,Depart Centro Costa Salguero en route Park Hyatt Palace,travel,,,international_travel,
4,2018-11-30,13:35,14:10,0.5833333333,Executive time,executive_time,"Buenos Aires, Argentina",,executive_time,
4,2018-11-30,14:10,14:30,0.3333333333,Embassy meet and greet,event,"Buenos Aires, Argentina",Ambassador John Bolton,embassy_meet_greet,
4,2018-11-30,14:35,14:45,0.1666666667,Media interview prep,event,"Buenos Aires, Argentina",Sarah Sanders,media_interview_prep,
4,2018-11-30,14:50,15:00,0.1666666667,"Interview with Greta Van Susteren, VOA",event,"Buenos Aires, Argentina",Sarah Sanders,media_interview,
4,2018-11-30,15:05,17:00,1.916666667,Executive time,executive_time,"Buenos Aires, Argentina",,executive_time,
4,2018-11-30,17:00,17:05,0.08333333333,Depart Park Hyatt Palace en route Teatro Colón,travel,,,international_travel,
4,2018-11-30,17:10,17:25,0.25,G20 Family photo,event,"Buenos Aires, Argentina",Ambassador John Bolton,photo_opportunity,
4,2018-11-30,17:30,18:00,0.5,G20 Cultural performance,event,"Buenos Aires, Argentina",Ambassador John Bolton,g20_cultural_performance,
4,2018-11-30,18:15,20:00,1.75,G20 Leaders' dinner,event,"Buenos Aires, Argentina",Ambassador John Bolton,g20_dinner,
4,2018-11-30,20:05,20:10,0.08333333333,Depart Teatro Colón en route RON Location,travel,,,international_travel,
5,2018-12-03,08:00,11:00,3,Executive time,executive_time,Oval office,,executive_time,
5,2018-12-03,11:00,11:30,0.5,Meeting with the chief of staff,meeting,Oval office,,cos_meeting,
5,2018-12-03,11:30,12:00,0.5,Intelligence briefing,meeting,Oval office,Ambassador John Bolton,intel_briefing,
5,2018-12-03,12:00,12:30,0.5,Executive time,executive_time,Oval office,,executive_time,
5,2018-12-03,12:30,13:30,1,Lunch,lunch,Private dining room,,solo_lunch,
5,2018-12-03,13:30,13:45,0.25,Executive time,executive_time,Oval office,,executive_time,
5,2018-12-03,13:45,14:15,0.5,Meeting with the secretary of housing and urban development,meeting,Oval office,William McGinley,hud_sec_meeting,
5,2018-12-03,14:15,14:45,0.5,Executive time,executive_time,Oval office,,executive_time,
5,2018-12-03,14:45,15:00,0.25,Meeting with the press secretary,meeting,Oval office,Sarah Sanders,press_sec_meeting,
5,2018-12-03,15:00,15:30,0.5,Media interview,event,Oval office,Sarah Sanders,media_interview,
5,2018-12-03,15:30,16:00,0.5,Executive time,executive_time,Oval office,,executive_time,
5,2018-12-03,16:00,16:45,0.75,Policy time,meeting,Oval office,Christopher Liddell,policy_time,
5,2018-12-03,16:45,17:00,0.25,Executive time,executive_time,Oval office,,executive_time,
5,2018-12-04,08:00,11:00,3,Executive time,executive_time,Oval office,,executive_time,
5,2018-12-04,11:00,11:30,0.5,Meeting with the chief of staff,meeting,Oval office,,cos_meeting,
5,2018-12-04,11:30,12:00,0.5,Policy time,meeting,Oval office,Nick Ayers,policy_time,
5,2018-12-04,12:00,12:15,0.25,Executive time,executive_time,Oval office,,executive_time,
5,2018-12-04,12:15,13:15,1,Lunch,lunch,Private dining room,,solo_lunch,
5,2018-12-04,13:15,14:00,0.75,Executive time,executive_time,Oval office,,executive_time,
5,2018-12-04,14:00,14:30,0.5,Policy time,meeting,Oval office,Director Mick Mulvaney,policy_time,First Lady will travel
5,2018-12-04,14:30,15:30,1,Executive time,executive_time,Oval office,,executive_time,
5,2018-12-04,15:30,15:45,0.25,"Signing of S.140, The Frank Lobiondo Coast Guard authorization act of 2018",event,Oval office,"Shahira Knight, Derek Lyons",bill_signing,
5,2018-12-04,15:45,17:00,1.25,Executive time,executive_time,Oval office,,executive_time,
5,2018-12-05,08:00,10:15,2.25,Executive time,executive_time,Oval office,,executive_time,
5,2018-12-05,10:15,10:30,0.25,Depart the White House en route Washington National Cathedral,travel,,,domestic_travel,First Lady will travel
5,2018-12-05,11:00,12:30,1.5,State funeral service of president George H.W. Bush,event,"Washington, DC",Lindsay Reynolds,funeral,
5,2018-12-05,12:35,12:50,0.25,Depart Washington National Cathedral en route The White House,travel,,,domestic_travel,
5,2018-12-05,12:55,17:50,4.916666667,Executive time,executive_time,Oval office,,executive_time,
5,2018-12-06,08:00,11:00,3,Executive time,executive_time,Oval office,,executive_time,
5,2018-12-06,11:30,12:00,0.5,Meeting with the chief of staff,meeting,Oval office,,cos_meeting,
5,2018-12-06,12:00,12:30,0.5,Executive time,executive_time,Oval office,,executive_time,
5,2018-12-06,12:30,13:30,1,Lunch with the Secreatry of Education,lunch,Private dining room,William McGinley,sec_ed_lunch,
5,2018-12-06,13:30,13:45,0.25,Meeting with presidential personnel,meeting,Oval office,John DeStefano,personnel_meeting,
5,2018-12-06,13:45,14:00,0.25,Executive time,executive_time,Oval office,,executive_time,
5,2018-12-06,14:00,14:45,0.75,Policy time,meeting,Oval office,Christopher Liddell ,policy_time,
5,2018-12-06,14:45,15:00,0.25,Executive time,executive_time,Oval office,,executive_time,
5,2018-12-06,15:00,15:30,0.5,Meeting with the secretary of state,meeting,Oval office,William McGinley,sec_state_meeting,
5,2018-12-06,15:30,16:00,0.5,Executive time,executive_time,Oval office,,executive_time,
5,2018-12-06,16:00,16:30,0.5,Remarks at Hanukkah reception,event,East Room,Lindsay Reynolds ,hanukkah_remarks,
5,2018-12-06,16:30,20:00,3.5,Executive time,executive_time,Oval office,,executive_time,
5,2018-12-06,20:00,20:30,0.5,Remarks at Hanukkah reception,event,East Room,Lindsay Reynolds,hanukkah_remarks,
5,2018-12-07,08:00,09:00,1,Executive time,executive_time,,,executive_time,
5,2018-12-07,09:00,09:10,0.1666666667,Depart the white house en route joint Base Andrews,travel,,,domestic_travel,
5,2018-12-07,09:20,11:55,2.583333333,"Depart Washington, DC en route Kansas City, MO",travel,,,domestic_travel,
5,2018-12-07,12:05,12:30,0.4166666667,Depart Kansas City International Airport en route the Westin Kansas City at Crown center,travel,,,domestic_travel,
5,2018-12-07,12:35,12:45,0.1666666667,Photo opportunity with award recipients and law enforcement,event,"Kansas City, MO",William McGinley,photo_opportunity,
5,2018-12-07,12:50,13:35,0.75,Remarks at the 2018 project safe neighborhoods national conference,event,"Kansas City, MO",William McGinley,public_remarks,
5,2018-12-07,13:40,14:05,0.4166666667,Depart the Westin Kansas City Crown Center en route Kansas City international airport,travel,,,domestic_travel,
5,2018-12-07,14:15,16:20,2.083333333,"Depart Kansas City, MO en route Washington, DC",travel,,,domestic_travel,
5,2018-12-07,16:30,16:40,0.1666666667,Depart Joint Base Andrews en route the white house,travel,,,domestic_travel,
5,2018-12-07,16:45,19:30,2.75,Executive time,executive_time,The White House,,executive_time,
5,2018-12-07,19:30,21:00,1.5,Senior staff dinner,event,East Room,Lindsay Reynolds,senior_staff_dinner,First Lady will participate
6,2018-12-10,08:00,11:00,3,Executive time,executive_time,Oval office,,executive_time,
6,2018-12-10,11:00,12:00,1,Meeting with the chief of staff,meeting,Oval office,,cos_meeting,First Lady will participate
6,2018-12-10,12:00,12:30,0.5,Executive time,executive_time,Oval office,,executive_time,
6,2018-12-10,12:30,13:30,1,Lunch with the vice president,lunch,Prinvate dining room,Nick Ayers,vp_lunch,
6,2018-12-10,13:30,13:45,0.25,Executive time,executive_time,Oval office,,executive_time,
6,2018-12-10,13:45,14:30,0.75,Policy time,meeting,Oval office,Andrew Bremberg,policy_time,
6,2018-12-10,14:30,15:30,1,Executive time,executive_time,Oval office,,executive_time,
6,2018-12-10,15:30,16:00,0.5,Meeting with legislative affairs,meeting,Oval office,Shahira Knight,leg_affairs_meeting,
6,2018-12-10,16:00,16:15,0.25,Executive time,executive_time,Oval office,,executive_time,
6,2018-12-10,16:15,17:00,0.75,Pre-brief followed by media engagement,event,Oval office,Sarah Sanders,media_engagement,
6,2018-12-11,08:00,11:00,3,Executive time,executive_time,Oval office,,executive_time,
6,2018-12-11,11:00,11:30,0.5,Legislative pre-brief,meeting,Oval office,Shahira Knight,leg_pre_brief,
6,2018-12-11,11:30,12:15,0.75,Meeting with the senate minority leader and the house speaker-designate,meeting,Oval office,Shahira Knight,dem_leadership_meeting,
6,2018-12-11,12:15,12:30,0.25,Executive time,executive_time,Oval office,,executive_time,
6,2018-12-11,12:30,13:30,1,Lunch,lunch,Private dining room,,solo_lunch,
6,2018-12-11,13:30,14:45,1.25,Executive time,executive_time,Oval office,,executive_time,
6,2018-12-11,14:45,15:30,0.75,Photos and remarks at christmas reception,event,Diplomatic reception room/grand foyer,Lindsay Reynolds,christmas_remarks,
6,2018-12-11,15:30,15:45,0.25,Executive time,executive_time,Oval office,,executive_time,
6,2018-12-11,15:45,16:00,0.25,Signing ceremony for H.R. 390 -Iraq and Syria genocide relief and accountability act of 2018,event,Oval office,Tim Pataki,bill_signing,
6,2018-12-11,16:00,16:15,0.25,Executive time,executive_time,Oval office,,executive_time,
6,2018-12-11,16:15,16:45,0.5,Media engagement,event,Oval office,Sarah Sanders,media_engagement,
6,2018-12-11,16:45,19:30,2.75,Executive time,executive_time,Oval office,,executive_time,
6,2018-12-11,19:30,19:45,0.25,Remarks at staff reception,event,Grand foyer,lindsay reynolds,staff_reception_remarks,
6,2018-12-12,08:00,12:00,4,Executive time,executive_time,Oval office,,executive_time,
6,2018-12-12,12:00,12:30,0.5,meeting with the chief of staff,meeting,oval office,,cos_meeting,
6,2018-12-12,12:30,13:30,1,lunch,lunch,private dining room,,solo_lunch,
6,2018-12-12,13:30,14:00,0.5,Meeting with presidential personnel,meeting,oval office,John DeStefano,personnel_meeting,
6,2018-12-12,14:00,14:30,0.5,Executive time,executive_time,oval office,,executive_time,
6,2018-12-12,14:30,14:45,0.25,Signing of an executive order establishing the white house opportunity and revitalization council,event,Roosevelt room,"Tim Pataki, Derek Lyons",exec_order_signing,
6,2018-12-12,14:45,15:15,0.5,Executive time,executive_time,oval office,,executive_time,
6,2018-12-12,15:15,15:45,0.5,Media engagement,event,Diplomatic reception room,sarah sanders,media_engagement,
6,2018-12-12,15:45,16:00,0.25,Executive time,executive_time,oval office,,executive_time,
6,2018-12-12,16:00,16:15,0.25,Video recording session,meeting,Oval office,Mercedes Schlapp,video_recording_session,
6,2018-12-12,16:15,17:00,0.75,Executive time,executive_time,Oval office,,executive_time,
6,2018-12-13,08:00,11:00,3,Executive time,executive_time,Oval office,,executive_time,
6,2018-12-13,11:00,11:30,0.5,Media engagement,meeting,Roosevelt room,Sarah Sanders,media_engagement,
6,2018-12-13,11:30,11:45,0.25,Executive time,executive_time,Oval office,,executive_time,
6,2018-12-13,11:45,12:30,0.75,Meeting with the secretary of state,meeting,Oval office,William McGinley,sec_state_meeting,
6,2018-12-13,12:30,12:45,0.25,Executive time,executive_time,Oval office,,executive_time,
6,2018-12-13,12:45,13:45,1,Lunch,lunch,Private dining room,,solo_lunch,
6,2018-12-13,13:45,14:00,0.25,Executive time,executive_time,oval office,,executive_time,
6,2018-12-13,14:00,14:30,0.5,Discussion with governors-elect,meeting,Cabinet room,John DeStefano,new_gov_meeting,
6,2018-12-13,14:30,17:15,2.75,Executive time,executive_time,Oval office,,executive_time,
6,2018-12-13,17:15,17:30,0.25,Remarks at christmas reception,event,Grand foyer,Lindsay Reynolds,christmas_remarks,
6,2018-12-13,17:30,20:30,3,Executive time,executive_time,Residence,,executive_time,
6,2018-12-13,20:30,20:45,0.25,Remarks at christmas reception,event,Grand foyer,Lindsay Reynolds,christmas_remarks,
6,2018-12-14,08:00,11:00,3,Executive time,executive_time,Oval office,,executive_time,
6,2018-12-14,11:00,12:00,1,Meeting with chief of staff,meeting,Oval office,,cos_meeting,
6,2018-12-14,12:00,12:30,0.5,Intelligence briefing,meeting,Oval office,Ambassador John Bolton,intel_briefing,
6,2018-12-14,12:30,12:45,0.25,Executive time,executive_time,Oval office,,executive_time,
6,2018-12-14,12:45,13:45,1,Lunch,lunch,Private dining room,,solo_lunch,
6,2018-12-14,13:45,14:00,0.25,Executive time,executive_time,Oval office,,executive_time,
6,2018-12-14,14:00,14:15,0.25,Medal of Honor notification phone call,event,Oval office,White House military office,phone_call,
6,2018-12-14,14:15,14:45,0.5,Meeting with legislative affairs,meeting,Oval office,Shahira Knight,leg_affairs_meeting,
6,2018-12-14,14:45,15:00,0.25,Executive time,executive_time,Oval office,,executive_time,
6,2018-12-14,15:00,15:30,0.5,Policy time,meeting,Oval office,Director Mick Mulvaney,policy_time,
6,2018-12-14,15:30,15:45,0.25,Executive time,executive_time,Oval office,,executive_time,First Lady will attend
6,2018-12-14,15:45,16:00,0.25,Policy time,meeting,Oval office,Peter Navarro,policy_time,
6,2018-12-14,16:00,17:15,1.25,Executive time,executive_time,Oval office,,executive_time,First Lady will attend
6,2018-12-14,17:15,17:30,0.25,Remarks at christmas reception,event,Grand foyer,Lindsay Reynolds,christmas_remarks,
7,2018-12-17,08:00,11:00,3,Executive time,executive_time,Oval office,,executive_time,
7,2018-12-17,11:00,11:30,0.5,Meeting with legislative affairs,meeting,Oval office,Shahira Knight,leg_affairs_meeting,
7,2018-12-17,11:30,12:00,0.5,Executive time,executive_time,Oval office,,executive_time,
7,2018-12-17,12:00,12:30,0.5,Intelligence briefing,meeting,Oval office,Ambassador John Bolton,intel_briefing,
7,2018-12-17,12:30,13:30,1,Lunch with vice president,lunch,Private dining room,Nick Ayers,vp_lunch,
7,2018-12-17,13:30,13:45,0.25,Executive time,executive_time,Oval office,,executive_time,
7,2018-12-17,13:45,14:15,0.5,Meeting with the secretary of the interior,meeting,Oval office,William McGinley,interior_sec_meeting,
7,2018-12-17,14:15,15:00,0.75,Executive time,executive_time,Oval office,,executive_time,
7,2018-12-17,15:00,15:30,0.5,Policy time,meeting,Oval Office,Christopher Liddell,policy_time,
7,2018-12-17,15:30,15:45,0.25,Executive time,executive_time,Oval Office,,executive_time,
7,2018-12-17,15:45,16:00,0.25,Meeting with the press secretary,meeting,Oval Office,Sarah Sanders,press_sec_meeting,
7,2018-12-17,16:00,16:30,0.5,Media engagement,event,Oval Office,Sarah Sanders,media_engagement,
7,2018-12-17,16:30,17:15,0.75,Executive time,executive_time,Oval Office,,executive_time,
7,2018-12-17,17:15,17:30,0.25,Remarks at christmas reception,event,Grand foyer,Lindsay Reynolds,christmas_remarks,
7,2018-12-17,17:30,20:30,3,Executive time,executive_time,Residence,,executive_time,
7,2018-12-17,20:30,20:45,0.25,Remarks at staff reception,event,Grand foyer,Lindsay Reynolds,staff_reception_remarks,
7,2018-12-18,08:00,11:00,3,Executive time,executive_time,Oval office,,executive_time,
7,2018-12-18,11:00,12:00,1,Meeting with chief of staff,meeting,Oval office,,cos_meeting,
7,2018-12-18,12:00,12:30,0.5,Policy time,meeting,Oval office,Director Mick Mulvaney,,
7,2018-12-18,12:30,12:45,0.25,Executive time,executive_time,Oval office,,executive_time,
7,2018-12-18,12:45,13:45,1,Lunch,lunch,Private dining room,,solo_lunch,
7,2018-12-18,13:45,14:00,0.25,Executive time,executive_time,Oval office,,executive_time,
7,2018-12-18,14:00,14:15,0.25,Pre-brief,meeting,Oval office,"Andrew Bremberg, William McGinley",pre_brief,
7,2018-12-18,14:15,14:45,0.5,Roundtable discussion of the federal commission on school safety report,event,Roosevelt room,"Andrew Bremberg, William McGinley",roundtable_discussion,
7,2018-12-18,14:45,15:15,0.5,Executive time,executive_time,Oval office,,executive_time,
7,2018-12-18,15:15,15:45,0.5,Policy time,meeting,Oval office,Kellyanne Conway,policy_time,
7,2018-12-18,15:45,16:30,0.75,Executive time,executive_time,Oval office,,executive_time,First Lady will attend
7,2018-12-18,16:30,16:45,0.25,Photo opportunity with the secretary of the treasury,event,Oval office,William McGinley,photo_opportunity,
7,2018-12-18,16:45,17:00,0.25,Executive time,executive_time,Oval office,,executive_time,First Lady will attend
7,2018-12-19,08:00,11:00,3,Executive time,executive_time,Oval office,,executive_time,
7,2018-12-19,11:00,12:00,1,Meeting with chief of staff,meeting,Oval office,,cos_meeting,
7,2018-12-19,12:00,12:30,0.5,Intelligence briefing,meeting,Oval office,Ambassador John Bolton,intel_briefing,
7,2018-12-19,12:30,13:30,1,Lunch with the secretary of state,lunch,Private dining room,William McGinley,sec_state_lunch,
7,2018-12-19,13:30,14:00,0.5,Executive time,executive_time,Oval office,,executive_time,
7,2018-12-19,14:00,14:30,0.5,Policy time,meeting,Oval office,Christopher Liddell,policy_time,
7,2018-12-19,14:30,14:45,0.25,Executive time,executive_time,Oval office,,executive_time,
7,2018-12-19,14:45,15:00,0.25,Christmas message video recording,meeting,Diplomatic reception room,Mercedes Schlapp,video_recording_session,
7,2018-12-19,15:00,16:00,1,Executive time,executive_time,oval office,,executive_time,
7,2018-12-19,16:00,16:30,0.5,Media engagement,meeting,Roosevelt room,Sarah Sanders,media_engagement,
7,2018-12-19,16:30,17:15,0.75,Executive time,executive_time,Oval office,,executive_time,
7,2018-12-19,17:15,17:30,0.25,Remarks at christmas reception,event,Grand foyer,Lindsay Reynolds,christmas_remarks,
7,2018-12-19,17:30,19:30,2,Executive time,executive_time,Residence,,executive_time,
7,2018-12-19,19:30,20:30,1,Photos at residence christmas reception,event,Diplomatic reception room,Lindsay Reynolds,photo_opportunity,
7,2018-12-20,08:00,11:00,3,Executive time,executive_time,Oval office,,executive_time,
7,2018-12-20,11:00,12:00,1,Meeting with chief of staff,meeting,Oval office,,cos_meeting,
7,2018-12-20,12:00,12:45,0.75,Executive time,executive_time,Oval office,,executive_time,
7,2018-12-20,12:45,13:45,1,Lunch,lunch,Private dining room,,solo_lunch,
7,2018-12-20,13:45,14:30,0.75,Executive time,executive_time,Oval office,,executive_time,
7,2018-12-20,14:30,14:45,0.25,Signing ceremony for H.R. 2 - Agriculture improvement act of 2018,event,South Court Auditorium,"Shahira Knight, Derek Lyons",bill_signing,
7,2018-12-20,14:45,16:15,1.5,Executive time,executive_time,Oval office,,executive_time,
7,2018-12-20,16:15,16:45,0.5,Signing of H.R. 1918 Nicaragua Human rights and anticorruption act and H.R. 5759 - 21st century idea,event,Oval office,"Shahira Knight, Derek Lyons",bill_signing,
7,2018-12-20,16:45,17:00,0.25,Executive time,executive_time,oval office,,executive_time,
7,2018-12-21,08:00,11:00,3,Executive time,executive_time,Oval office,,executive_time,
7,2018-12-21,11:00,11:30,0.5,Signing ceremony for S. 756 - First step act and H.R. 6964 - Juvenile justice reform act,event,Oval office,"Jared Kushner, Derek Lyons",bill_signing,First Lady will attend
7,2018-12-21,11:30,11:45,0.25,Executive time,executive_time,Oval office,,executive_time,
7,2018-12-21,11:45,12:15,0.5,Meeting with the chief of staff,meeting,Oval office,,cos_meeting,
7,2018-12-21,12:15,12:30,0.25,Executive time,executive_time,Oval office,,executive_time,
7,2018-12-21,12:30,13:30,1,Lunch,lunch,Private dining room,,solo_lunch,
7,2018-12-21,13:30,14:00,0.5,Executive time,executive_time,Oval office,,executive_time,
7,2018-12-21,14:00,14:15,0.25,Signing ceremony for H.R. 7213 - The countering weapons of mass destruction act,event,Oval office,"William McGinley, Derek Lyons",bill_signing,
8,2018-12-24,08:00,17:00,,,no_data,,,,
8,2018-12-25,08:00,17:00,,,no_data,,,,
8,2018-12-26,08:00,17:00,,,no_data,,,,
8,2018-12-27,08:00,17:00,,,no_data,,,,
8,2018-12-28,08:00,17:00,,,no_data,,,,
9,2018-12-31,08:00,17:00,,,no_data,,,,
9,2019-01-01,08:00,17:00,,,no_data,,,,
9,2019-01-02,08:00,11:00,3,Executive time,executive_time,Oval office,,executive_time,
9,2019-01-02,11:00,11:30,0.5,Meeting with chief of staff,meeting,Oval office,,cos_meeting,
9,2019-01-02,11:30,12:00,0.5,Executive time,executive_time,Oval office,,executive_time,
9,2019-01-02,12:00,13:00,1,Cabinet meeting,meeting,Cabinet room,William McGinley,cabinet_meeting,
9,2019-01-02,13:00,14:00,1,Lunch,lunch,Private dining room,,solo_lunch,
9,2019-01-02,14:00,14:15,0.25,Executive time,executive_time,Oval office,,executive_time,
9,2019-01-02,14:15,14:45,0.5,Pre-brief,meeting,Oval office,William McGinley,pre_brief,
9,2019-01-02,14:45,15:00,0.25,Executive time,executive_time,Oval office,,executive_time,
9,2019-01-02,15:00,16:00,1,Border security briefing for congressional leadership,meeting,White House situation room,Shahira Knight,border_security_briefing,
9,2019-01-02,16:00,17:00,1,Executive time,executive_time,Oval office,,executive_time,
9,2019-01-03,08:00,11:00,3,Executive time,executive_time,Oval office,,executive_time,
9,2019-01-03,11:00,11:30,0.5,Meeting with chief of staff,meeting,Oval office,,cos_meeting,
9,2019-01-03,11:30,12:30,1,Executive time,executive_time,Oval office,,executive_time,
9,2019-01-03,12:30,13:30,1,Lunch,lunch,Private dining room,,solo_lunch,
9,2019-01-03,13:30,17:00,3.5,Executive time,executive_time,Oval office,,executive_time,
9,2019-01-04,08:00,11:00,3,Executive time,executive_time,Oval office,,executive_time,
9,2019-01-04,11:00,11:30,0.5,Pre-brief,meeting,Oval office,Shahira Knight,pre_brief,
9,2019-01-04,11:30,12:30,1,Meeting with congressional leadership,meeting,White House situation room,Shahira Knight,congressional_leadership_meeting,
9,2019-01-04,12:30,13:30,1,Lunch,lunch,Private dining room,,solo_lunch,
9,2019-01-04,13:30,14:00,0.5,Executive time,executive_time,Oval office,,executive_time,
9,2019-01-04,14:00,14:30,0.5,Intelligence briefing,meeting,Oval office,Ambassador John Bolton,intel_briefing,
9,2019-01-04,14:30,15:00,0.5,Executive time,executive_time,Oval office,,executive_time,
9,2019-01-04,15:00,15:30,0.5,Meeting with the press secretary,meeting,Oval office,William McGinley,press_sec_meeting,
9,2019-01-04,15:30,17:00,1.5,Executive time,executive_time,Oval office,,executive_time,
10,2019-01-07,08:00,11:45,3.75,Executive time,executive_time,Oval office,,executive_time,
10,2019-01-07,11:45,12:15,0.5,Meeting with the chief of staff,meeting,Oval office,,cos_meeting,
10,2019-01-07,12:15,12:30,0.25,Executive time,executive_time,Oval office,,executive_time,
10,2019-01-07,12:30,13:30,1,Lunch with the vice president,lunch,Private dining room,Office of scheduling,vp_lunch,
10,2019-01-07,13:30,14:00,0.5,Executive time,executive_time,Oval office,,executive_time,
10,2019-01-07,14:00,14:30,0.5,Intelligence briefing,meeting,Oval office,Ambassador John Bolton,intel_briefing,
10,2019-01-07,14:30,17:00,2.5,Executive time,executive_time,Oval office,,executive_time,
10,2019-01-08,08:00,11:30,3.5,Executive time,executive_time,Oval office,,executive_time,
10,2019-01-08,11:30,12:00,0.5,Meeting with the chief of staff,meeting,Oval office,,cos_meeting,
10,2019-01-08,12:00,12:15,0.25,Executive time,executive_time,Oval office,,executive_time,
10,2019-01-08,12:15,13:15,1,Media lunch,event,Roosevelt room,Sarah Sanders,media_lunch,
10,2019-01-08,13:15,13:45,0.5,Executive time,executive_time,Oval office,,executive_time,
10,2019-01-08,13:45,14:45,1,Policy time,meeting,Oval office,Christopher Liddell,policy_time,
10,2019-01-08,14:45,21:00,6.25,Executive time,executive_time,Oval office,,executive_time,
10,2019-01-08,21:00,21:45,0.75,Address to the nation,event,Oval office,Bill Shine,national_address,
10,2019-01-09,08:00,11:00,3,Executive time,executive_time,Oval office,,executive_time,
10,2019-01-09,11:00,11:30,0.5,Meeting with the chief of staff,meeting,Oval office,,cos_meeting,
10,2019-01-09,11:30,11:45,0.25,Signing ceremony for anti-human trafficking legislation,event,Oval office,"Shahira Knight, Derek Lyons",bill_signing,
10,2019-01-09,11:45,12:00,0.25,Executive time,executive_time,Oval office,,executive_time,
10,2019-01-09,12:00,12:30,0.5,Intelligence briefing,meeting,Oval office,Ambassador John Bolton,intel_briefing,
10,2019-01-09,12:30,12:45,0.25,Executive time,executive_time,Oval office,,executive_time,
10,2019-01-09,12:45,12:55,0.1666666667,Depart the white house en route US capitol,travel,,,domestic_travel,
10,2019-01-09,13:00,14:00,1,Senate Republican policy lunch,lunch,"Washington, DC",Shahira Knight,senate_GOP_lunch,
10,2019-01-09,14:05,14:15,0.1666666667,Depart US Capitol en route the white house,travel,,,domestic_travel,
10,2019-01-09,14:20,14:30,0.1666666667,Executive time,executive_time,Oval Office,,executive_time,
10,2019-01-09,14:30,15:00,0.5,Pre-brief,meeting,Oval Office,Shahira Knight,pre_brief,
10,2019-01-09,15:00,16:00,1,Meeting with congressional leadership,meeting,White House situation room,Shahira Knight,congressional_leadership_meeting,
10,2019-01-09,16:00,17:00,1,Executive time,executive_time,Oval Office,,executive_time,
10,2019-01-10,08:00,09:15,1.25,Executive time,executive_time,Oval Office,,executive_time,
10,2019-01-10,09:15,09:25,0.1666666667,Depart the white house en route Joint Base Andrews,travel,,,domestic_travel,
10,2019-01-10,09:35,13:45,4.166666667,"Depart Washington, DC en route McAllen, TX",travel,,,domestic_travel,
10,2019-01-10,13:55,14:05,0.1666666667,Depart McAllen International Airport en route US Border Patrol McAllen Station,travel,,,domestic_travel,
10,2019-01-10,14:10,15:00,0.8333333333,Roundtable on immigration and border security,meeting,"McAllen, TX",,immigration_roundtable,
10,2019-01-10,15:05,15:10,0.08333333333,Photo opportunity with law enforcement,event,"McAllen, TX",,photo_opportunity,
10,2019-01-10,15:15,15:30,0.25,Depart US Border Patrol McAllen Station en route Rio Grande,travel,,,domestic_travel,
10,2019-01-10,15:35,15:45,0.1666666667,Briefing on border security,event,"McAllen, TX",,border_security_briefing,
10,2019-01-10,15:55,16:00,0.08333333333,Hold for media interview,event,"McAllen, TX",,media_interview,
10,2019-01-10,16:05,16:30,0.4166666667,Depart Rio Grande en route McAllen International Airport,travel,,,domestic_travel,
10,2019-01-10,16:40,19:45,3.083333333,"Depart McAllen, TX en route Washington, DC",travel,,,domestic_travel,
10,2019-01-10,19:55,20:05,0.1666666667,Depart Joint Base Andrews en route the white house,travel,,,domestic_travel,
10,2019-01-11,08:00,11:00,3,Executive time,executive_time,Oval office,,executive_time,
10,2019-01-11,11:00,11:30,0.5,Meeting with chief of staff,meeting,Oval office,,cos_meeting,
10,2019-01-11,11:30,12:00,0.5,Executive time,executive_time,Oval office,,executive_time,
10,2019-01-11,12:00,12:20,0.3333333333,"Credentialing ceremony for newly appointed ambassadors to Washington, DC",event,Oval office,,credentialing_ceremony,
10,2019-01-11,12:20,12:45,0.4166666667,Executive time,executive_time,Oval office,,executive_time,
10,2019-01-11,12:45,13:45,1,Lunch,lunch,Private dining room,,solo_lunch,
10,2019-01-11,13:45,14:00,0.25,Executive time,executive_time,Oval office,,executive_time,
10,2019-01-11,14:00,14:15,0.25,Departure ceremony for lieutenant colonel rick turner,event,Oval office,White House military office,departure_ceremony,
10,2019-01-11,14:15,14:30,0.25,Executive time,executive_time,Oval office,,executive_time,
10,2019-01-11,14:30,15:15,0.75,"Border security and safe communities roundtable discussion with state, local, and community leaders",event,Cabinet Room,John DeStefano,border_security_roundtable,
10,2019-01-11,15:15,16:00,0.75,Executive time,executive_time,Oval office,,executive_time,
10,2019-01-11,16:00,16:30,0.5,Meeting with presidential personnel,meeting,Oval office,John DeStefano,personnel_meeting,
10,2019-01-11,16:30,17:00,0.5,Executive time,executive_time,Oval office,,executive_time,
11,2019-01-14,08:00,09:00,1,Executive time,executive_time,Oval office,,executive_time,
11,2019-01-14,09:00,09:10,0.1666666667,Depart the white house en route joint Base Andrews,travel,,,domestic_travel,
11,2019-01-14,09:20,11:55,2.583333333,"Depart Washington, DC en route Kenner, LA",travel,,,domestic_travel,
11,2019-01-14,12:05,12:25,0.3333333333,"Depart Kenner, LA en route New Orleans, LA",travel,,,domestic_travel,Air Force One is a C-32
11,2019-01-14,12:30,12:35,0.08333333333,Photo opportunity with members of the American Farm Bureau Federation,event,"New Orleans, LA",Tim Pataki,photo_opportunity,
11,2019-01-14,12:40,13:10,0.5,Remarks at American Farm Bureau Federation's 100th Annual convention,event,"New Orleans, LA",Tim Pataki,farm_bureau_remarks,
11,2019-01-14,13:15,13:20,0.08333333333,Photo opportunity with law enforcement,event,"New Orleans, LA",Bobby Peede,photo_opportunity,
11,2019-01-14,13:25,13:45,0.3333333333,"Depart New Orleans, LA en route Kenner, LA",travel,,,domestic_travel,
11,2019-01-14,13:55,16:05,2.166666667,"Depart New Oreans, LA en route Washington, DC",travel,,,domestic_travel,
11,2019-01-14,16:15,16:25,0.1666666667,Depart Joint Base Andrews en route the white house,travel,,,domestic_travel,
11,2019-01-14,16:30,18:00,1.5,Executive time,executive_time,Oval office,,executive_time,
11,2019-01-14,18:00,18:15,0.25,Photo opportunity wtih the 2018 NCAA football national champions: the clemson tigers,event,Oval office,Tim Pataki,photo_opportunity,
11,2019-01-14,18:15,18:30,0.25,Executive time,executive_time,Oval office,,executive_time,
11,2019-01-14,18:30,19:00,0.5,Visit of the 2018 NCAA football national champtions: the clemson tigers,event,East Room,Tim Pataki,football_team_visit,
11,2019-01-15,08:00,11:00,3,Executive time,executive_time,Oval office,,executive_time,
11,2019-01-15,11:00,11:30,0.5,Meeting with the chief of staff,meeting,Oval office,,cos_meeting,
11,2019-01-15,11:30,12:00,0.5,Executive time,executive_time,Oval office,,executive_time,
11,2019-01-15,12:00,12:30,0.5,Intelligence briefing,meeting,Oval office,Ambassador John Bolton,intel_briefing,
11,2019-01-15,12:30,13:30,1,Lunch with members of congress,lunch,Roosevelt room,Shahira Knight,congressional_lunch,
11,2019-01-15,13:30,13:45,0.25,Executive time,executive_time,Oval office,,executive_time,
11,2019-01-15,13:45,14:15,0.5,Meeting with presidential personnel,meeting,Oval office,John DeStefano,personnel_meeting,
11,2019-01-15,14:15,14:30,0.25,Executive time,executive_time,Oval office,,executive_time,
11,2019-01-15,14:30,14:45,0.25,"Briefing call on the border crisis with state, local, and community leaders",meeting,Oval office,John DeStefano,border_crisis_briefing_call,
11,2019-01-15,14:45,15:00,0.25,Executive time,executive_time,Oval office,,executive_time,
11,2019-01-15,15:00,15:45,0.75,Policy time,meeting,Oval office,Christopher Liddell,policy_time,
11,2019-01-15,15:45,16:30,0.75,Executive time,executive_time,Oval office,,executive_time,
11,2019-01-15,16:30,16:45,0.25,Video recording session,meeting,Cabinet Room,Mercedes Schlapp,video_recording_session,
11,2019-01-15,16:45,17:00,0.25,Executive time,executive_time,Oval office,,executive_time,
11,2019-01-16,08:00,10:45,2.75,Executive time,executive_time,Oval office,,executive_time,
11,2019-01-16,10:45,11:30,0.75,Meeting with the chief of staff,meeting,Oval office,,cos_meeting,
11,2019-01-16,11:30,12:30,1,Meeting with the problem solvers caucus,meeting,White House situation room,Shahira Knight,problem_solvers_meeting,
11,2019-01-16,12:30,13:00,0.5,Executive time,executive_time,Oval office,,executive_time,
11,2019-01-16,13:00,14:00,1,Lunch with the secretary of state,lunch,Private dining room,William McGinley,sec_state_lunch,
11,2019-01-16,14:00,14:15,0.25,Executive time,executive_time,Oval office,,executive_time,
11,2019-01-16,14:15,14:30,0.25,"Signing ceremony for S.24, the government employee fair treatment act of 2019",event,Oval office,"Shahira Knight, Derek Lyons",bill_signing,
11,2019-01-16,14:30,14:45,0.25,Executive time,executive_time,Oval office,,executive_time,
11,2019-01-16,14:45,15:45,1,Policy time,meeting,Oval office,Christopher Liddell,policy_time,
11,2019-01-16,15:45,17:00,1.25,Executive time,executive_time,Oval office,,executive_time,
11,2019-01-16,17:00,17:15,0.25,Video recording session,meeting,Cabinet Room,Mercedes Schlapp,video_recording_session,
11,2019-01-17,08:00,10:45,2.75,Executive time,executive_time,Oval office,,executive_time,
11,2019-01-17,10:45,10:55,0.1666666667,"Depart Washington, DC en route Arlington, VA",travel,,,domestic_travel,
11,2019-01-17,11:00,11:30,0.5,The missile defense review announcement,event,The Pentagon,Ambassador John Bolton,missile_defense_announcement,
11,2019-01-17,11:35,11:45,0.1666666667,"Depart Arlington, VA en route Washington, DC",travel,,,domestic_travel,
11,2019-01-17,11:50,12:30,0.6666666667,Executive time,executive_time,Oval office,,executive_time,
11,2019-01-17,12:30,13:30,1,Lunch,lunch,Private dining room,,solo_lunch,
11,2019-01-17,13:30,13:45,0.25,Executive time,executive_time,Oval office,,executive_time,
11,2019-01-17,13:45,14:15,0.5,Intelligence briefing,meeting,Oval office,Ambassador John Bolton,intel_briefing,
11,2019-01-17,14:15,14:45,0.5,Executive time,executive_time,Oval office,,executive_time,
11,2019-01-17,14:45,15:00,0.25,Policy time,meeting,Oval office,Acting director Russ Vought,policy_time,
11,2019-01-17,15:00,15:30,0.5,Executive time,executive_time,Oval office,,executive_time,
11,2019-01-17,15:30,16:00,0.5,Media engagement,event,Oval office,Sarah Sanders,media_engagement,
11,2019-01-17,16:00,17:00,1,Executive time,executive_time,Oval office,,executive_time,
11,2019-01-18,08:00,11:45,3.75,Executive time,executive_time,Oval office,,executive_time,
11,2019-01-18,11:45,12:15,0.5,Meeting with the chief of staff,meeting,Oval office,,cos_meeting,
11,2019-01-18,12:15,12:45,0.5,Executive time,executive_time,Oval office,,executive_time,
11,2019-01-18,12:45,13:15,0.5,Meeting with the secretary of the treasury,meeting,Oval office,William McGinley,sec_treasury_meeting,
11,2019-01-18,13:15,14:15,1,Lunch,lunch,Private dining room,,solo_lunch,
11,2019-01-18,14:15,17:00,2.75,Executive time,executive_time,Oval office,,executive_time,
12,2019-01-21,08:00,17:00,9,Executive time,executive_time,,,executive_time,
12,2019-01-22,08:00,11:00,3,Executive time,executive_time,Oval office,,executive_time,
12,2019-01-22,11:00,11:30,0.5,Meeting with the chief of staff,meeting,Oval office,,cos_meeting,
12,2019-01-22,11:30,12:00,0.5,Executive time,executive_time,Oval office,,executive_time,
12,2019-01-22,12:00,12:30,0.5,Intelligence briefing,meeting,Oval office,Ambassador John Bolton,policy_time,
12,2019-01-22,12:30,13:30,1,Lunch with the vice president,lunch,Private dining room,Office of scheduling,vp_lunch,
12,2019-01-22,13:30,13:45,0.25,Executive time,executive_time,Oval office,,executive_time,
12,2019-01-22,13:45,14:00,0.25,Meeting with the press secretary,meeting,Oval office,Sarah Sanders,press_sec_meeting,
12,2019-01-22,14:00,14:15,0.25,Executive time,executive_time,Oval office,,executive_time,
12,2019-01-22,14:15,15:00,0.75,Policy time,meeting,Oval office,Christopher Liddell,policy_time,
12,2019-01-22,15:00,17:00,2,Executive time,executive_time,Oval office,,executive_time,
12,2019-01-23,08:00,10:30,2.5,Executive time,executive_time,Oval office,,executive_time,
12,2019-01-23,10:30,10:45,0.25,"Briefing call on the president's immigration proposal with state, local, and community leaders",meeting,Oval office,Tim Pataki,immigration_briefing_call,
12,2019-01-23,10:45,11:00,0.25,Executive time,executive_time,Oval office,,executive_time,
12,2019-01-23,11:00,11:30,0.5,Meeting with the chief of staff,meeting,Oval office,,cos_meeting,
12,2019-01-23,11:30,12:30,1,Executive time,executive_time,Oval office,,executive_time,
12,2019-01-23,12:30,13:30,1,Lunch,lunch,Private dining room,,solo_lunch,
12,2019-01-23,13:30,14:00,0.5,Executive time,executive_time,Oval office,,executive_time,
12,2019-01-23,14:00,14:30,0.5,Fair and honest pricing in healthcare roundtable,meeting,Roosevelt Room,Kellyanne Conway,healthcare_roundtable,
12,2019-01-23,14:30,15:00,0.5,Executive time,executive_time,Oval office,,executive_time,
12,2019-01-23,15:00,15:45,0.75,Meeting with conservative leaders on the president's immigration proposal,meeting,Roosevelt Room,Jared Kushner,immigration_meeting,
12,2019-01-23,15:45,17:00,1.25,Executive time,executive_time,Oval office,,executive_time,
12,2019-01-24,08:00,11:00,3,Executive time,executive_time,Oval office,,executive_time,
12,2019-01-24,11:00,11:30,0.5,Meeting with the chief of staff,meeting,Oval office,,cos_meeting,
12,2019-01-24,11:30,11:45,0.25,Executive time,executive_time,Oval office,,executive_time,
12,2019-01-24,11:45,12:00,0.25,Video recording session,meeting,Oval office,Mercedes Schlapp,video_recording_session,
12,2019-01-24,12:00,12:30,0.5,Executive time,executive_time,Oval office,,executive_time,
12,2019-01-24,12:30,13:30,1,Lunch,lunch,Private dining room,,solo_lunch,
12,2019-01-24,13:30,15:45,2.25,Executive time,executive_time,Oval office,,executive_time,
12,2019-01-24,15:45,16:15,0.5,Meeting with legislative affairs,meeting,Oval office,Shahira Knight,leg_affairs_meeting,
12,2019-01-24,16:15,17:00,0.75,Executive time,executive_time,Oval office,,executive_time,
12,2019-01-25,08:00,11:00,3,Executive time,executive_time,Oval office,,executive_time,
12,2019-01-25,11:00,11:30,0.5,Meeting with the chief of staff,meeting,Oval office,,cos_meeting,
12,2019-01-25,11:30,12:00,0.5,Executive time,executive_time,Oval office,,executive_time,
12,2019-01-25,12:00,12:30,0.5,Intelligence briefing,meeting,Oval office,Ambassador John Bolton,policy_time,
12,2019-01-25,12:30,13:30,1,Lunch with the secretary of state,lunch,Private dining room,William McGinley,sec_state_lunch,
12,2019-01-25,13:30,13:45,0.25,Executive time,executive_time,Oval office,,executive_time,
12,2019-01-25,13:45,14:15,0.5,Discussion on economic growth with our nation's mayors,meeting,Cabinet Room,"John DeStefano, Doug Hoelscher",econ_discussion_mayors,
12,2019-01-25,14:15,14:45,0.5,Executive time,executive_time,Oval office,,executive_time,
12,2019-01-25,14:45,15:15,0.5,Roundtable with hispanic pastors,event,Roosevelt Room,Tim Pataki,hispanic_pastors_roundtable,
12,2019-01-25,15:15,17:00,1.75,Executive time,executive_time,Oval office,,executive_time,
13,2019-01-28,08:00,11:00,3,Executive time,executive_time,Oval office,,executive_time,
13,2019-01-28,11:00,11:30,0.5,Meeting with the chief of staff,meeting,Oval office,,cos_meeting,
13,2019-01-28,11:30,12:30,1,Executive time,executive_time,Oval office,,executive_time,
13,2019-01-28,12:30,13:30,1,Lunch with the vice president,lunch,Private dining room,Office of Scheduling,vp_lunch,
13,2019-01-28,13:30,16:15,2.75,Executive time,executive_time,Oval office,,executive_time,
13,2019-01-28,16:15,16:30,0.25,Meeting with the press secretary,meeting,Oval office,Sarah Sanders,press_sec_meeting,
13,2019-01-28,16:30,17:00,0.5,Executive time,executive_time,Oval office,,executive_time,
13,2019-01-29,08:00,11:15,3.25,Executive time,executive_time,Oval office,,executive_time,
13,2019-01-29,11:15,11:45,0.5,Meeting with the chief of staff,meeting,Oval office,,cos_meeting,
13,2019-01-29,11:45,12:00,0.25,Executive time,executive_time,Oval office,,executive_time,
13,2019-01-29,12:00,12:15,0.25,Video recording session,meeting,Oval office,Mercedes Schlapp,video_recording_session,
13,2019-01-29,12:15,12:30,0.25,Executive time,executive_time,Oval office,,executive_time,
13,2019-01-29,12:30,13:30,1,Lunch,lunch,Private dining room,,solo_lunch,
13,2019-01-29,13:30,14:15,0.75,Policy time,meeting,Oval office,Christopher Liddell,policy_time,
13,2019-01-29,14:15,14:45,0.5,Executive time,executive_time,Oval office,,executive_time,
13,2019-01-29,14:45,15:15,0.5,Meeting with legislative affairs,meeting,Oval office,Shahira Knight,leg_affairs_meeting,
13,2019-01-29,15:15,17:00,1.75,Executive time,executive_time,Oval office,,executive_time,
13,2019-01-30,08:00,11:00,3,Executive time,executive_time,Oval office,,executive_time,
13,2019-01-30,11:00,11:30,0.5,Meeting with the chief of staff,meeting,Oval office,,cos_meeting,
13,2019-01-30,11:30,12:00,0.5,Intelligence briefing,meeting,Oval office,Ambassador John Bolton,intel_briefing,
13,2019-01-30,12:00,12:30,0.5,Executive time,executive_time,Oval office,,executive_time,
13,2019-01-30,12:30,13:30,1,Lunch,lunch,The White House,,solo_lunch,
13,2019-01-30,13:30,13:45,0.25,Executive time,executive_time,Oval office,,executive_time,
13,2019-01-30,13:45,14:00,0.25,White House military office departure photos,event,Oval office,White House military office,departure_photos,
13,2019-01-30,14:00,14:15,0.25,Executive time,executive_time,Oval office,,executive_time,
13,2019-01-30,14:15,15:00,0.75,Policy time,meeting,White House situation room,Christopher Liddell,policy_time,
13,2019-01-30,15:00,16:00,1,Executive time,executive_time,Oval office,,executive_time,
13,2019-01-30,16:00,16:15,0.25,Meeting with presidential personnel,meeting,Oval office,John DeStefano,personnel_meeting,
13,2019-01-30,16:15,16:30,0.25,Executive time,executive_time,Oval office,,executive_time,
13,2019-01-30,16:30,17:00,0.5,Media engagement,event,Oval office,Sarah Sanders,media_engagement,
13,2019-01-31,08:00,11:00,3,Executive time,executive_time,Oval office,,executive_time,
13,2019-01-31,11:00,11:30,0.5,Meeting with the chief of staff,meeting,Oval office,,cos_meeting,
13,2019-01-31,11:30,11:45,0.25,Executive time,executive_time,Oval office,,executive_time,
13,2019-01-31,11:45,12:00,0.25,Meeting with American manufacturers and signing of an executive order to strengthen buy American preferences,event,Oval office,"Peter Navarro, Derek Lyons",meeting_exec_order_signing,
13,2019-01-31,12:00,12:15,0.25,Executive time,executive_time,Oval office,,executive_time,
13,2019-01-31,12:15,12:30,0.25,Video recording session,meeting,Oval office,Mercedes Schlapp,video_recording_session,
13,2019-01-31,12:30,13:30,1,Lunch,lunch,Private dining room,,solo_lunch,
13,2019-01-31,13:30,13:45,0.25,Meeting with the White House staff secretary,meeting,Oval office,Derek Lyons,wh_staff_sec_meeting,
13,2019-01-31,13:45,14:15,0.5,Executive time,executive_time,Oval office,,executive_time,
13,2019-01-31,14:15,14:45,0.5,Intelligence briefing,meeting,Oval office,Ambassador John Bolton,intel_briefing,
13,2019-01-31,14:45,15:00,0.25,Executive time,meeting,Oval office,,executive_time,
13,2019-01-31,15:00,15:30,0.5,Pre-brief,meeting,Oval office,Larry Kudlow,pre_brief,
13,2019-01-31,15:30,16:00,0.5,Meeting with the vice premier of the people's republican of China,meeting,Oval office,Larry Kudlow,china_meeting,
13,2019-01-31,16:00,16:30,0.5,Executive time,executive_time,Oval office,,executive_time,
13,2019-01-31,16:30,17:00,0.5,Media engagement,event,Oval office,Sarah Sanders,media_engagement,
13,2019-02-01,08:00,11:00,3,Executive time,executive_time,Oval office,,executive_time,
13,2019-02-01,11:00,11:30,0.5,Meeting with the chief of staff,meeting,Oval office,,cos_meeting,
13,2019-02-01,11:30,11:45,0.25,Executive time,executive_time,Oval office,,executive_time,
13,2019-02-01,11:45,12:15,0.5,Fighting human trafficking on the southern border,meeting,Cabinet Room,Mercedes Schlapp,border_meeting,
13,2019-02-01,12:15,12:30,0.25,Executive time,executive_time,Oval office,,executive_time,
13,2019-02-01,12:30,13:30,1,Lunch with the secretary of state,lunch,Private Dining room,William McGinley,sec_state_lunch,
13,2019-02-01,13:30,13:45,0.25,Executive time,executive_time,Oval office,,executive_time,
13,2019-02-01,13:45,14:45,1,Pre-brief,meeting,Oval office,Sarah Sanders,pre_brief,
13,2019-02-01,14:45,15:00,0.25,Executive time,executive_time,Oval office,,executive_time,
13,2019-02-01,15:00,15:30,0.5,Media engagement,event,Diplomatic Room,Sarah Sanders,media_engagement,
13,2019-02-01,15:30,16:00,0.5,Executive time,executive_time,Oval office,,executive_time,
13,2019-02-01,16:00,16:10,0.167,Depart the White House en route Joint Base Andrews,travel,,,domestic_travel,The First Lady will travel
13,2019-02-01,16:20,18:35,2.25,"Depart Washington, DC en route Palm Beach, FL",travel,,,domestic_travel,
13,2019-02-01,18:45,18:55,0.167,Depart Palm Beach International Airport en route Mar-a-Lago,travel,,,domestic_travel,